data,Está de acordo com o termo?,1. Selecione seu gênero,2. Qual a sua idade?,3. Qual o seu curso?,4. Em qual ano do curso está?,"1. Visibilidade do estado do sistema - O design deve sempre manter os usuários informados sobre o que está acontecendo, utilizando feedback apropriado em um período de tempo razoável [Em processos de múltiplas etapas, o sistema exibe em qual etapa o usuário se encontra]","1. Visibilidade do estado do sistema - O design deve sempre manter os usuários informados sobre o que está acontecendo, utilizando feedback apropriado em um período de tempo razoável [O sistema mantém os usuários informados sobre o que está acontecendo em tempo hábil]","1. Visibilidade do estado do sistema - O design deve sempre manter os usuários informados sobre o que está acontecendo, utilizando feedback apropriado em um período de tempo razoável [Os ícones presentes nos sistemas são facilmente e corretamente reconhecíveis]","2. Correspondência entre o sistema e o mundo real- O design deve se expressar na língua do usuário. Deve seguir as convenções do mundo real, fazendo com que as informações apareçam em uma ordem natural e lógica. [O sistema utiliza jargão interno familiar ao usuário alvo]","2. Correspondência entre o sistema e o mundo real- O design deve se expressar na língua do usuário. Deve seguir as convenções do mundo real, fazendo com que as informações apareçam em uma ordem natural e lógica. [Os ícones presentes nos sistemas são facilmente e corretamente reconhecíveis]","2. Correspondência entre o sistema e o mundo real- O design deve se expressar na língua do usuário. Deve seguir as convenções do mundo real, fazendo com que as informações apareçam em uma ordem natural e lógica. [O sistema evita com que o usuário sinta necessidade de consultar o dicionário frequentemente]","2. Correspondência entre o sistema e o mundo real- O design deve se expressar na língua do usuário. Deve seguir as convenções do mundo real, fazendo com que as informações apareçam em uma ordem natural e lógica. [O sistema usa termos, conceitos e fluxos que são familiares para os usuários]","3. Controle e liberdade do usuário- Os usuários frequentemente realizam ações por engano. É preciso uma ""saída de emergência"" claramente marcada para deixar a ação indesejada sem ter que passar por um processo extenso. [O sistema oferece uma forma de desfazer ações ou sair de uma situação indesejada facilmente]","3. Controle e liberdade do usuário- Os usuários frequentemente realizam ações por engano. É preciso uma ""saída de emergência"" claramente marcada para deixar a ação indesejada sem ter que passar por um processo extenso. [As formas apresentadas de desfazer e sair de situações estão claramente marcadas]","4. Consistência e padrões- Usuários não devem ter que se perguntar se palavras, situações e ações diferentes significam a mesma coisa. Siga convenções da plataforma e da indústria. [O sistema segue padrões consistentes]","4. Consistência e padrões- Usuários não devem ter que se perguntar se palavras, situações e ações diferentes significam a mesma coisa. Siga convenções da plataforma e da indústria. [O sistema utiliza os mesmos termos e ações para funções similares]","5. Prevenção de erros- Boas mensagens de erro são importantes, mas os melhores designs previnem problemas de acontecerem primeiro. [O sistema previne erros antes que eles aconteçam, com validações ou avisos]","5. Prevenção de erros- Boas mensagens de erro são importantes, mas os melhores designs previnem problemas de acontecerem primeiro. [O sistema permite que o usuário revise as informações inseridas antes de confirmar a ação]","6. Reconhecimento em vez de memorização- Minimize a carga de memória dos usuários tornando elementos, ações e opções visíveis. Os usuários não devem ter que lembrar informações de uma parte da interface para outra. Informações necessárias devem ser visíveis ou facilmente recuperadas quando necessário.  [O sistema evita que os usuários tenham que lembrar informações de uma parte para outra]","6. Reconhecimento em vez de memorização- Minimize a carga de memória dos usuários tornando elementos, ações e opções visíveis. Os usuários não devem ter que lembrar informações de uma parte da interface para outra. Informações necessárias devem ser visíveis ou facilmente recuperadas quando necessário.  [O sistema oferece ajuda em contexto]","6. Reconhecimento em vez de memorização- Minimize a carga de memória dos usuários tornando elementos, ações e opções visíveis. Os usuários não devem ter que lembrar informações de uma parte da interface para outra. Informações necessárias devem ser visíveis ou facilmente recuperadas quando necessário.  [O texto utilizado em uma pesquisa é exibido com as respostas]","7. Flexibilidade e eficiência de uso- Atalhos , escondidos de usuários novatos, podem acelerar a interação para o usuário especialista, de modo que o design possa atender tanto usuários inexperientes quanto experientes. Permita que os usuários personalizem ações frequentes. [O sistema oferece formas de uso rápido para usuários experientes, como atalhos ou automações]","7. Flexibilidade e eficiência de uso- Atalhos , escondidos de usuários novatos, podem acelerar a interação para o usuário especialista, de modo que o design possa atender tanto usuários inexperientes quanto experientes. Permita que os usuários personalizem ações frequentes. [O sistema permite a utilização de atalhos de teclado]",8. Design estético e minimalista- Interfaces não devem conter informações irrelevantes ou raramente necessárias. Cada informação extra numa interface compete com informações relevantes e diminui sua visibilidade. [O sistema evita informações desnecessárias ou irrelevantes que sobrecarregam o usuário],8. Design estético e minimalista- Interfaces não devem conter informações irrelevantes ou raramente necessárias. Cada informação extra numa interface compete com informações relevantes e diminui sua visibilidade. [A interface do sistema parece organizado (não bagunçado) ],8. Design estético e minimalista- Interfaces não devem conter informações irrelevantes ou raramente necessárias. Cada informação extra numa interface compete com informações relevantes e diminui sua visibilidade. [O sistema usa decoração na medida certa],"9. Ajude os usuários a reconhecer, diagnosticar e corrigir erros- Mensagens de erro devem ser expressas em linguagem simples (sem códigos de erro), indicar o problema claramente, e construtivamente sugerir uma solução. [As mensagens de erro são claras e ajudam o usuário a entender e corrigir o problema]","9. Ajude os usuários a reconhecer, diagnosticar e corrigir erros- Mensagens de erro devem ser expressas em linguagem simples (sem códigos de erro), indicar o problema claramente, e construtivamente sugerir uma solução. [As mensagens de erro são claramente identificáveis  como mensagens de erro visualmente]","9. Ajude os usuários a reconhecer, diagnosticar e corrigir erros- Mensagens de erro devem ser expressas em linguagem simples (sem códigos de erro), indicar o problema claramente, e construtivamente sugerir uma solução. [O sistema não utiliza código de erro nas mensagens de erro]","10. Ajuda e documentação- O melhor seria que o design não precise de uma explicação adicional. no entanto, pode ser necessário oferecer documentação para ajudar os usuários a entender a completar suas tarefas. [O sistema oferece ajuda ou documentação acessível e útil quando necessário]","10. Ajuda e documentação- O melhor seria que o design não precise de uma explicação adicional. no entanto, pode ser necessário oferecer documentação para ajudar os usuários a entender a completar suas tarefas. [A ajuda/documentação apresenta os passos que o usuário deve seguir]","10. Ajuda e documentação- O melhor seria que o design não precise de uma explicação adicional. no entanto, pode ser necessário oferecer documentação para ajudar os usuários a entender a completar suas tarefas. [O sistema possui uma sessão de perguntas frequentes]",Problemas identificados,Sugestões de Melhorias,,
22/10/2024 11:04:25,Sim,Feminino,23,Ciência da Computação,3,Concordo,Concordo,Concordo Totalmente,Concordo Totalmente,Concordo Totalmente,Indiferente,Concordo,Concordo,Concordo,Concordo Totalmente,Concordo Totalmente,Concordo Totalmente,Discordo,Indiferente,Indiferente,Concordo,Concordo,Discordo Totalmente,Concordo,Concordo Totalmente,Concordo Totalmente,Concordo,Concordo Totalmente,Discordo,Indiferente,Indiferente,Discordo Totalmente,Falta de descrição dos passos realizados e indicação do que deve ser inserido,,,
22/10/2024 11:06:26,Sim,Masculino,20,Ciência da Computação,3,Concordo,Concordo,Concordo Totalmente,Concordo Totalmente,Concordo Totalmente,Concordo,Concordo,Concordo,Indiferente,Concordo,Concordo,Indiferente,Concordo,Indiferente,Concordo,Concordo,Concordo,Discordo,Concordo Totalmente,Concordo Totalmente,Concordo Totalmente,Indiferente,Discordo,Indiferente,Indiferente,Concordo,Concordo,,,,
22/10/2024 11:07:39,Sim,Masculino,19,Ciência da Computação,2,Concordo Totalmente,Concordo,Indiferente,Concordo Totalmente,Concordo,Concordo,Concordo Totalmente,Concordo,Concordo,Concordo Totalmente,Concordo Totalmente,Discordo,Concordo,Indiferente,Concordo,Concordo Totalmente,Concordo,Indiferente,Concordo Totalmente,Concordo Totalmente,Concordo,Discordo,Concordo Totalmente,Indiferente,Concordo,Discordo,Indiferente,"Cadastro de Bairro, porém falha ao carregar bairros cadastrados. Não foi possível continuar o teste por conta dos bairros não serem carregados.","Procurar informar qual parte do processo não está funcionando, se o cadastro não esta funcionando corretamente e apresenta um diagnostico falso negativo, ou se o problema esta apenas no carregamento dos bairros cadastrados.",,
22/10/2024 11:09:15,Sim,Masculino,19,Ciência da Computação,2,Concordo,Concordo,Discordo,Concordo,Discordo,Indiferente,Concordo,Concordo,Discordo Totalmente,Concordo,Discordo,Discordo Totalmente,Concordo,Concordo,Concordo,Indiferente,Indiferente,Discordo Totalmente,Concordo Totalmente,Concordo Totalmente,Concordo Totalmente,Discordo Totalmente,Discordo,Concordo Totalmente,Indiferente,Indiferente,Discordo Totalmente,"Ao cancelar alguma ação, não há comunicação do sistema com o usuário.
Não há muitas telas de confirmação antes de realizar alguma ação.
Não há indicação quando algo erros acontecem (mapa não carregando, etc).","Mais telas de confirmação antes de realizar alguma ação são necessárias, além de informar melhor a realização de outras ações (como cancelar).",,
22/10/2024 11:09:47,Sim,Masculino,20,Ciência da Computação,2,Concordo Totalmente,Concordo,Concordo Totalmente,Concordo,Concordo Totalmente,Concordo,Concordo,Indiferente,Discordo,Indiferente,Discordo,Discordo,Concordo,Discordo Totalmente,Indiferente,Indiferente,Indiferente,Discordo Totalmente,Concordo Totalmente,Concordo Totalmente,Indiferente,Discordo,Concordo,Concordo Totalmente,Indiferente,Indiferente,Discordo Totalmente,"A necessidade de relembrar o nome dos logradouros foi algo desnecessário. E o cadastro de agentes foi pouco intuitivo. Existe também um problema da falta de comunicação no cancelamento de ações, como um ""deseja sair dessa pagina?"".","Uma aba apenas para cadastro de agentes, sem a ambiguidade de usuário, e o cadastro de ruas ou identificação de rua por região, para seleção dos logradouros necessário, e não a nacessidade de escrita corrente. Também, a implementação de mensagens de comunicação para cancelamento de ações.",,
22/10/2024 11:10:04,Sim,Masculino,19,Ciência da Computação,2,Concordo,Concordo,Discordo,Indiferente,Concordo,Concordo,Concordo,Discordo,Discordo,Concordo,Concordo Totalmente,Discordo,Concordo,Discordo Totalmente,Discordo,Discordo,Indiferente,Indiferente,Concordo,Concordo,Indiferente,Indiferente,Concordo Totalmente,Indiferente,Concordo,Concordo,Indiferente,Cadastro de Agentes não funciona, Não foi muito intuitivo o uso do programa pela primeira vez, Tive que lembrar o nome do logradouro (ruas) para o cadastro de imóvel,Correção dos problemas acima e divisão melhor da categoria de cadastro
22/10/2024 11:11:56,Sim,Masculino,20,Ciência da Computação,3,Concordo,Concordo,Discordo,Discordo,Concordo,Discordo,Concordo,Concordo Totalmente,Concordo Totalmente,Concordo,Concordo,Concordo,Concordo,Discordo,Discordo,Discordo,Indiferente,Discordo,Concordo Totalmente,Concordo Totalmente,Concordo Totalmente,Concordo,Concordo,Concordo,Discordo,Discordo,Discordo,,,,
22/10/2024 11:12:32,Sim,Masculino,19,Ciência da Computação,2,Concordo Totalmente,Concordo Totalmente,Concordo,Concordo Totalmente,Concordo,Indiferente,Concordo,Concordo Totalmente,Concordo,Concordo Totalmente,Concordo Totalmente,Indiferente,Concordo,Concordo,Concordo,Concordo,Concordo,Concordo,Concordo Totalmente,Concordo Totalmente,Concordo Totalmente,Concordo,Concordo Totalmente,Discordo,Concordo,Concordo,Indiferente,"Um problema que identifiquei foi durante o cadastro de rotas, onde apenas ao clicar em finalizar no final do processo que uma mensagem aparecia necessitando que a rota tenha um descrição, notificação que poderia ser adicionada logo na janela inicial, além de não ter uma confirmação de que a rota foi criada com sucesso.",,,
22/10/2024 11:13:21,Sim,Masculino,23,Ciência da Computação,2,Discordo,Concordo Totalmente,Concordo Totalmente,Concordo Totalmente,Concordo Totalmente,Concordo Totalmente,Concordo Totalmente,Concordo,Concordo,Concordo Totalmente,Concordo Totalmente,Concordo Totalmente,Concordo Totalmente,Concordo Totalmente,Concordo Totalmente,Indiferente,Discordo Totalmente,Discordo Totalmente,Concordo Totalmente,Concordo Totalmente,Concordo Totalmente,Concordo Totalmente,Concordo Totalmente,Concordo Totalmente,Discordo,Indiferente,Discordo Totalmente,"Na hora de cadastrar um quarteirão eu não me dei conta de que precisava clicar na ""lupinha"" para buscar pela rua no mapa e marcar os quarteirões e o sistema não me informou isso, tive que pedir ajuda.","Acho que a aba de ajuda ao usuário poderia direcionar a uma página web navegável por meio de um índice ao invés de um pdf além de ter a opção de busca por texto. Também penso que a página de ajuda poderia ter pequenos tutoriais de ações específicas como cadastrar bairros e rotas, por exemplo.",,
22/10/2024 11:13:28,Sim,Masculino,18,Ciência da Computação,2,Discordo,Discordo,Discordo,Concordo Totalmente,Indiferente,Concordo,Concordo,Indiferente,Discordo,Discordo,Concordo,Discordo,Indiferente,Indiferente,Concordo,Indiferente,Indiferente,Indiferente,Concordo,Discordo,Concordo,Indiferente,Concordo,Discordo,Concordo,Indiferente,Discordo,"Problemas padrão identificados pela maioria. Não os lembro de cabeça, mas acredito que vocês já viram eles enquanto nos atendiam.","Imagino que não seja ideal um coordenador poder criar outro coordenador, ao menos que isso tenha sentido no contexto prático. Talvez, também, ordenar os ícones da tela de cadastros para ficarem de acordo com uma ordem lógica de criação, tal qual a que seguimos no roteiro e, além disso, fazer o cadastro de usuário mais aparente.",,
22/10/2024 11:13:48,Sim,Masculino,19,Ciência da Computação,2,Concordo Totalmente,Concordo Totalmente,Concordo Totalmente,Concordo Totalmente,Concordo Totalmente,Concordo,Concordo,Concordo Totalmente,Concordo Totalmente,Concordo Totalmente,Concordo Totalmente,Concordo,Concordo,Indiferente,Indiferente,Indiferente,Indiferente,Indiferente,Concordo Totalmente,Concordo Totalmente,Concordo Totalmente,Indiferente,Indiferente,Indiferente,Indiferente,Indiferente,Indiferente,,,,
22/10/2024 11:14:52,Sim,Masculino,20,Ciência da Computação,2,Concordo,Concordo,Concordo,Discordo Totalmente,Concordo,Discordo,Discordo,Indiferente,Indiferente,Concordo,Concordo,Discordo,Discordo Totalmente,Discordo Totalmente,Indiferente,Indiferente,Indiferente,Indiferente,Concordo Totalmente,Concordo Totalmente,Discordo,Indiferente,Indiferente,Concordo Totalmente,Concordo,Discordo,Concordo,Complicado entender de onde e para onde ir para cadastrar.,Deixar mais claro os passos anteirores(informações) e sugerir proximos passos,,
23/10/2024 16:25:14,Sim,Masculino,24,Ciência da Computação,3,Discordo,Indiferente,Discordo,Discordo,Discordo,Concordo,Concordo Totalmente,Concordo,Concordo,Indiferente,Indiferente,Indiferente,Concordo,Discordo,Discordo,Discordo,Discordo,Discordo,Concordo,Concordo,Concordo,Concordo Totalmente,Concordo Totalmente,Concordo Totalmente,Discordo,Indiferente,Discordo,,,,
23/10/2024 16:27:35,Sim,Masculino,20,Ciência da Computação,3,Concordo,Concordo,Discordo,Concordo,Discordo,Concordo,Concordo,Concordo,Concordo,Concordo,Concordo,Indiferente,Discordo,Concordo,Concordo,Concordo,Indiferente,Indiferente,Concordo,Concordo,Concordo,Discordo,Concordo,Discordo,Indiferente,Indiferente,Indiferente,,A parte de vincular é pouco intuitiva na primeira interação,,
23/10/2024 16:27:41,Sim,Masculino,21,Ciência da Computação,3,Discordo,Discordo,Discordo Totalmente,Concordo,Discordo,Concordo Totalmente,Indiferente,Concordo,Concordo,Concordo,Concordo,Discordo,Discordo,Concordo,Concordo,Concordo,Indiferente,Indiferente,Concordo Totalmente,Concordo,Concordo,Concordo Totalmente,Concordo Totalmente,Concordo Totalmente,Discordo,Discordo,Discordo,"Tem momentos, como no cadastro de rotas, que você se esquece de preencher um campo (como descrição) e o sistema te deixa passar por todas as etapas para só no final te avisar que precisa preencher aquele campo. Em alguns momentos, como no cadastro de imóveis ou quarteirões, seria interessante não perder todas as informações na hora de cadastrar outro.","O sistema poderia fazer algumas coisas automaticamente, como já buscar no mapa quando você escreve a rua (sem precisar clicar na lupa).",,
23/10/2024 16:29:51,Sim,Masculino,21,Ciência da Computação,3,Concordo,Concordo,Concordo Totalmente,Indiferente,Concordo Totalmente,Discordo,Concordo,Discordo,Discordo,Concordo Totalmente,Concordo Totalmente,Discordo,Discordo,Indiferente,Concordo,Indiferente,Discordo,Concordo,Concordo Totalmente,Concordo Totalmente,Concordo Totalmente,Indiferente,Discordo,Indiferente,Concordo,Concordo,Concordo,"Algumas partes de formularios nao davam para serem preenchidas sem atualizar a página ou começar o processo de cadastro de novo.

",,,
23/10/2024 16:30:14,Sim,Prefiro não informar,20,Ciência da Computação,3,Discordo,Indiferente,Indiferente,Indiferente,Indiferente,Concordo,Concordo,Concordo,Discordo,Concordo,Concordo,Discordo,Discordo,Concordo,Discordo,Concordo,Discordo,Discordo,Discordo,Discordo,Discordo,Discordo,Discordo,Indiferente,Discordo Totalmente,Discordo,Concordo,,,,
23/10/2024 16:33:10,Sim,Masculino,20,Ciência da Computação,3,Concordo,Concordo,Discordo,Discordo,Concordo,Discordo,Indiferente,Concordo Totalmente,Concordo,Concordo,Concordo,Discordo,Discordo,Indiferente,Concordo,Indiferente,Discordo Totalmente,Discordo Totalmente,Concordo Totalmente,Concordo,Concordo,Concordo Totalmente,Concordo,Concordo Totalmente,Discordo Totalmente,Discordo Totalmente,Discordo Totalmente,"Poderia ter um tutorial, sem ajuda é difícil a primeira vez",Tutorial,,
23/10/2024 16:34:45,Sim,Masculino,20,Ciência da Computação,3,Discordo,Concordo,Concordo Totalmente,Concordo Totalmente,Concordo Totalmente,Concordo,Concordo,Indiferente,Concordo,Concordo,Concordo,Concordo Totalmente,Concordo,Concordo,Concordo,Concordo,Discordo Totalmente,Discordo,Concordo,Concordo Totalmente,Concordo,Concordo,Concordo,Concordo,Concordo Totalmente,Concordo Totalmente,Discordo,"1 - Não sei se é algo específico da área, mas quando indicado para escolher o lado do quarteirão devo identificá-lo apenas com número de 1 até 4, porém houveram quarteirões com mais de 4 lados.

2 - Na sequência do imóvel o sistema não aceita o número 0, porém acredito fortemente, que possa existir imóveis que possuam essa sequência.

3 - Quando registrando uma rota o sistema pede por uma descrição, a um primeiro olhar não indica que é obrigatório, porém ao finalizar o fluxo o sistema me retornou erro falando que eu deveria ter adicionado uma descrição, fazendo eu ter de retornar o fluxo inteiro do cadastro, apenas para inserir uma descrição.","1 - O ícone no canto superio esquerdo não há nenhuma resposta, quando pressionado, apesar de ser quase que intuitivo que ele fosse me retornar a primeira tela quando acessei o sistema.

2 - A lista de cadastros possíveis só aparece quando clico em cadastro, porém depois ela se mantém para sempre, isso causou uma confusão inicial ao usar o sistema.

ps.: Gostei bastante da utilização do sistema, bem responsivo e de fácil utilização após um primeiro ""estudo"".",,
23/10/2024 16:35:53,Sim,Masculino,22,Ciência da Computação,3,Indiferente,Indiferente,Indiferente,Concordo Totalmente,Concordo,Indiferente,Concordo,Concordo,Concordo,Discordo,Concordo,Concordo Totalmente,Indiferente,Discordo,Discordo,Concordo,Concordo,Concordo,Concordo,Concordo,Indiferente,Concordo,Concordo,Concordo,Concordo Totalmente,Concordo,Concordo,,,,
23/10/2024 16:37:24,Sim,Masculino,20,Ciência da Computação,3,Discordo,Indiferente,Concordo Totalmente,Concordo,Concordo Totalmente,Concordo Totalmente,Concordo,Concordo Totalmente,Concordo,Concordo Totalmente,Concordo Totalmente,Indiferente,Concordo,Concordo Totalmente,Concordo Totalmente,Indiferente,Discordo,Concordo,Concordo Totalmente,Indiferente,Concordo Totalmente,Concordo Totalmente,Concordo Totalmente,Concordo Totalmente,Concordo,Concordo Totalmente,Discordo,"1) Ao cadastrar uma série de entradas (ex.: casas), onde algumas informações podem ser mantidas (ex.: rua, etc.) para se facilitar o processo, todo o contexto é perdido e precisa ser preenchido novamente
2) Um usuário coordenador não consegue cadastrar um local em um município diferente de onde ele é, porém consegue criar novos municípios sem problemas (ex.: criei ""Astorga"")
","1) Em diversas abas, o mapa poderia já estar centralizado em informações contextuais, como por exemplo, ao se criar um local novo, o mapa poderia estar centrado na cidade, e ao se abrir os dados de uma rota, poderia estar centrado nos quarteirões
",,
23/10/2024 16:40:44,Sim,Masculino,23,Ciência da Computação,3,Concordo Totalmente,Concordo,Concordo Totalmente,Concordo,Concordo Totalmente,Discordo,Discordo,Concordo,Concordo,Concordo,Concordo,Concordo,Indiferente,Concordo,Indiferente,Discordo,Indiferente,Indiferente,Discordo,Discordo Totalmente,Indiferente,Discordo,Concordo,Concordo,Discordo,Discordo,Discordo Totalmente,"O passo a passo do tutorial na folha, ficou bem confuso para fazer a acao solicitada, talvez para quem entende da área seja mais facil de utilizar, mas para quem é de fora da bolha ficou bem dificil.",Melhorar o tutorial,,
23/10/2024 16:42:01,Sim,Masculino,20,Ciência da Computação,3,Concordo Totalmente,Concordo,Concordo Totalmente,Concordo Totalmente,Concordo Totalmente,Concordo Totalmente,Concordo Totalmente,Indiferente,Indiferente,Concordo Totalmente,Concordo Totalmente,Indiferente,Indiferente,Indiferente,Indiferente,Concordo,Indiferente,Discordo Totalmente,Discordo,Discordo,Concordo,Discordo,Concordo,Concordo,Indiferente,Indiferente,Discordo Totalmente,"Ao editar a rota, o sistema não recupera todas as informções inseridas anteriormente.","-> Em uma tela HD, o sistema não fica muito bem ""encaixado"";
-> Um design mais minimalista seria melhor, muitos elementos na tela;
-> As mensagens de feedback para o usuário não aparecem por tempo suficiente;
-> A transição entre as diferentes funcionalidade poderia ser mais fácil, em algumas vezes fica confusa a divisão dos menus",,
23/10/2024 16:42:16,Sim,Masculino,20,Ciência da Computação,3,Discordo,Discordo,Discordo,Discordo,Discordo,Indiferente,Discordo,Indiferente,Indiferente,Concordo,Concordo,Discordo,Concordo,Concordo,Indiferente,Concordo Totalmente,Discordo,Discordo,Concordo,Concordo,Concordo,Indiferente,Indiferente,Concordo,Concordo Totalmente,Concordo Totalmente,Discordo,,,,
23/10/2024 16:46:32,Sim,Masculino,20,Ciência da Computação,3,Concordo,Concordo,Concordo,Concordo,Concordo,Indiferente,Indiferente,Concordo,Discordo,Concordo,Concordo,Concordo,Concordo,Concordo,Indiferente,Concordo,Indiferente,Indiferente,Concordo Totalmente,Concordo,Concordo,Indiferente,Indiferente,Indiferente,Concordo,Concordo,Discordo,"A seção usuário se assemelha muito com a seção de localidade dos agentes, gerando certa confusão","Diferenciar melhor as seções, e colocar uma opção de acesso direto a seção de localidade dos agentes",,
23/10/2024 16:52:28,Sim,Masculino,20,Ciência da Computação,3,Concordo Totalmente,Concordo Totalmente,Concordo Totalmente,Concordo Totalmente,Concordo Totalmente,Concordo Totalmente,Concordo Totalmente,Discordo,Discordo,Concordo,Concordo,Discordo,Discordo,Concordo,Concordo,Indiferente,Discordo,Indiferente,Concordo Totalmente,Concordo Totalmente,Concordo,Concordo,Indiferente,Concordo Totalmente,Concordo Totalmente,Concordo Totalmente,Discordo Totalmente,"No cadastro do bloqueio, o botão de cancelar não funciona para cancelar o que está sendo marcado, e o de confirmar também não funciona, apenas é possível sair da tela e o número de bloqueio será efetivado.
Em alguns momentos onde eu estava cadastrando o tipo de ficha, o toggle para abrir os tipos sumia, e eu tive que sair da tela e voltar para que o toggle voltasse.
O campo de descrição do cadastro de rota não mostra como obrigatório ( com a marcação do ""*""), porém ao chegar ao final do cadastro ele mostrará que é obrigatório se n colocar.","Acredito que o botão de lupa na localização não é tão nítido que precisa ser clicado para levar até aquela localização, não fica nítido que aquilo é um botão a ser apertado. Não sei exatamente como isso poderia ser melhorado, colocando a lupa com um quadrado em volta ou retirando ela da barra de escrita e destacando-a com um texto, tipo ""Procurar"", algo assim. 
Poderia haver um destaque maior ao finalizar uma ação de cadastro/edição, geralmente ele só realiza a ação e não há um feedback visual grande que me force a visualizar que a ação foi concluída.",,
23/10/2024 16:56:20,Sim,Masculino,21,Ciência da Computação,3,Concordo Totalmente,Concordo Totalmente,Concordo Totalmente,Concordo Totalmente,Concordo Totalmente,Concordo,Concordo,Discordo,Discordo,Concordo,Concordo,Indiferente,Discordo Totalmente,Concordo,Indiferente,Indiferente,Discordo,Concordo,Concordo,Concordo,Concordo Totalmente,Concordo Totalmente,Concordo Totalmente,Concordo Totalmente,Concordo Totalmente,Concordo Totalmente,Discordo Totalmente,"- No cadastro de rota, o campo de descrição consta como campo facultativo e ao final sinaliza ele como obrigatório.

-Me ocorreu um bug em um dos tipos de ficha na parte de cadastro de rotas 

- Ao realizar a ação de confirmar bloqueio, não há um feedback em mensagem para mostrar que houve a confirmação de bloqueio e o pop up de confirmação de bloqueio com os valores continua.   ","Senti falta de um botão de home no canto superior esquerdo. Talvez seja interessante fazer uma tela dedicada para a home do site também.

Talvez seja interessante dar uma olhada na ordem dos botões no header. o botão de ajuda poderia ficar mais pra direita. Além disso, acho q é valido um botão de confirmação antes de fazer o download do documento de ajuda no pc do usuário. Baixei umas 3x o mesmo arquivo, por exemplo. Acredito que as ações mais importantes do site devem ser ressaltadas no cabeçalho, está meio difícil de clicar no cadastro.

",,
24/10/2024 10:14:50,Sim,Masculino,23,Ciência da Computação,4,Concordo Totalmente,Concordo,Indiferente,Concordo Totalmente,Concordo,Concordo,Concordo Totalmente,Concordo Totalmente,Concordo Totalmente,Concordo Totalmente,Concordo,Concordo Totalmente,Discordo,Concordo Totalmente,Concordo Totalmente,Discordo,Discordo,Discordo,Concordo Totalmente,Concordo Totalmente,Concordo,Concordo,Concordo Totalmente,Concordo Totalmente,Concordo Totalmente,Concordo Totalmente,Discordo Totalmente,,,,
24/10/2024 10:20:07,Sim,Masculino,21,Ciência da Computação,4,Concordo,Concordo,Concordo Totalmente,Indiferente,Concordo,Concordo Totalmente,Indiferente,Concordo Totalmente,Discordo,Concordo Totalmente,Concordo Totalmente,Concordo Totalmente,Discordo,Concordo,Concordo,Indiferente,Indiferente,Indiferente,Concordo,Concordo Totalmente,Concordo Totalmente,Indiferente,Concordo Totalmente,Discordo Totalmente,Concordo Totalmente,Concordo Totalmente,Indiferente,"1 - Quando fui cadastrar um novo usuário, quando confirmei ele não me retornou uma mensagem de sucesso se o usuário foi cadastrado ou não, eu tive que entrar na listagem para verificar se meu usuário foi cadastrado.

2 - Quando fui vincular uma localidade ao usuário, ele também não me retornou uma mensagem de sucesso como 'Vinculação feita com sucesso"", então tive que confirmar novamente na listagem para verificar se a localidade estava vinculada ao usuário.

3 - Quando vou cadastrar o quarteirão, ele não me da a opção para colocar a quantidade de habitantes, então sempre o quarteirão vai ficar da seguinte forma (quarteirão numero 43 fica, 43/0) porque não existe.","O aplicativo está excelente, o único problema foi esses pontos que citem, eu acredito que todos os pontos estão de acordo, como navbars, os cadastros funcionam de uma forma correta, eu não me perco dentro do aplicativo, está tudo sinalizado e etc. A única coisa que eu melhoraria, é o quesito de me retornar sucesso se eu cadastrei, mas de resto o aplicativo está impecável, parabéns!!",,
24/10/2024 10:31:39,Sim,Feminino,28,Ciência da Computação,4,Concordo Totalmente,Concordo Totalmente,Discordo Totalmente,Discordo,Concordo,Discordo Totalmente,Concordo,Discordo Totalmente,Discordo,Indiferente,Discordo,Concordo,Discordo,Concordo,Discordo,Concordo,Indiferente,Discordo,Discordo Totalmente,Discordo Totalmente,Discordo Totalmente,Discordo,Discordo,Concordo,Concordo,Concordo,Discordo,"o jeito otimizado para cadastro, muita informação, botão não parece botão.",melhorar botão e layout que são de noticias. muitas informações confundi usuário diminuir um pouco.  ,,
24/10/2024 10:33:56,Sim,Masculino,21,Ciência da Computação,4,Concordo Totalmente,Indiferente,Concordo Totalmente,Concordo Totalmente,Concordo Totalmente,Concordo Totalmente,Concordo,Concordo,Concordo,Concordo Totalmente,Concordo Totalmente,Indiferente,Concordo Totalmente,Concordo,Discordo,Indiferente,Indiferente,Indiferente,Concordo,Concordo Totalmente,Concordo Totalmente,Discordo Totalmente,Concordo Totalmente,Indiferente,Concordo Totalmente,Concordo Totalmente,Discordo Totalmente,Achei as tarefas simples. No cadastro de localidade estava pedindo um nome e a instrução era de código. Fiquei um pouco confuso se estavam falando do mesmo campo (assumi que sim). ,"Tive um pouco de dificuldade ao inserir agente, não tinha certeza se era um usuário ou outra coisa. Talvez se o nome fosse diferente, tipo profissional não sei.",,
24/10/2024 10:34:37,Sim,Masculino,21,Ciência da Computação,4,Concordo Totalmente,Concordo,Concordo,Indiferente,Concordo Totalmente,Concordo Totalmente,Indiferente,Indiferente,Concordo,Concordo Totalmente,Concordo Totalmente,Indiferente,Concordo Totalmente,Concordo Totalmente,Indiferente,Indiferente,Indiferente,Discordo Totalmente,Concordo,Concordo Totalmente,Concordo Totalmente,Concordo,Concordo Totalmente,Concordo Totalmente,Indiferente,Concordo Totalmente,Indiferente,,,,
24/10/2024 10:34:49,Sim,Masculino,21,Ciência da Computação,4,Concordo,Indiferente,Discordo,Concordo,Discordo,Discordo,Concordo,Indiferente,Indiferente,Concordo,Concordo,Discordo,Discordo,Discordo,Indiferente,Concordo,Discordo,Indiferente,Concordo,Discordo,Concordo,Concordo,Concordo,Indiferente,Concordo,Concordo,Discordo,"No cadastro de rotas:
- O sistema não alega que a descrição é obrigatória, mas ela é e tive problemas com isso

Na vinculação de localidade com usuário:
- Quando cadastro uma localidade a um usuário, ao verificar posteriormente para ver se já está salvo, não há nenhum indicativo da quais rotas estão cadastradas a esse usuário, o que me gerou também um erro de SQL na tela 

No cadastro de quarteirão:
- Tive alguns problemas ao buscar a rua a qual eu estava buscando

Na tela em geral de cadastros:
- Tende a ser muito confuso para novos usuários, não é muito autoexplicativo o sistema","- Uma revisão de telas quanto a obrigatoriedade/não-obrigatoriedade de preenchimento de campos
- Identificação de vínculos entre usuários e localidades/rotas
- O cadastro de localidade ser mais claro quanto ao extrato ",,
24/10/2024 10:35:22,Sim,Masculino,21,Ciência da Computação,4,Concordo,Discordo,Discordo Totalmente,Indiferente,Discordo Totalmente,Discordo,Indiferente,Discordo,Discordo,Concordo,Concordo,Concordo,Concordo,Discordo,Concordo,Concordo,Discordo Totalmente,Discordo Totalmente,Concordo Totalmente,Concordo,Concordo,Discordo,Concordo,Discordo Totalmente,Concordo Totalmente,Concordo Totalmente,Discordo Totalmente,"- Demorei para encontrar onde fazia cadastro a partir da tela inicial
- Não sei qual é o estrato do bairro
- Quando eu vou em listar algum cadastro apaga todos os dados do formulário
- Eu me confundo sempre quando não encontro a lista de cadastros ou quando não encontro o formulário, tenho que lembrar de ficar trocando
- Achei onde vincula o coordenador à localidade mas não tem ABSOLUTAMENTE NENHUMA INDICAÇÃO que era pra ir lá e clicar no mais (??)
- O mapa não aparecer na primeira vez que abre parece que tá quebrado, parece que o mapa é a primeira coisa que tem que interagir (mas não é)
- O que é número de quarteirão?
- Botei o número errado de quarteirão e o botão desfazer não desfez o cadastro de formulário (não deveria aparecer esse desfazer se não tem o que desfazer)
- Difícil achar minha localidade na lista imensa de localidades, deveria dar pra digitar pra encontrar
- Tem que ficar colocando o logradouro toda vez que eu faço cadastro, que paia
- Nossa eu odeio drop downs com 10102390 itens, sinceramente! que insuportável!
- Tem que preencher tudo de novo quando eu vou cadastrar um imóvel perto do outro, pq apaga tudo, mas quase tudo é igual!!
- O que é número de lado de quarteirão? e número de sequência?
- É difícil ver as localidades associadas a cada agente, não tem um caminho claro pra chegar nesse cadastro
- O que é esse pin vermelho na rota de bloqueio? Por que tem limite de quarteirões nessa rota? O que é bloquear?

Eu levei praticamente 45 minutos pra fazer o roteiro","O sistema deveria ajudar mesmo quem não sabe a terminologia/jargão utilizada pela organização. Um novo contratado senão teria que ser treinado manualmente em todos esses termos, com uma pessoa ao lado dele! Os sistemas deveriam permitir e encorajar o aprendizado auto-didata! Os sistemas devem melhorar os processos de uma organização, não apenas softwareficá-los.

Demais melhorias são correções aos problemas identificados. Não sugiro outras melhorias pois não tenho conhecimento do contexto necessário para corrigi-los; isso quem deve determinar é o projetista de UX. ",,
24/10/2024 10:35:36,Sim,Masculino,21,Ciência da Computação,4,Concordo Totalmente,Concordo Totalmente,Concordo Totalmente,Concordo Totalmente,Concordo Totalmente,Concordo Totalmente,Concordo Totalmente,Indiferente,Concordo Totalmente,Concordo Totalmente,Concordo Totalmente,Indiferente,Concordo Totalmente,Concordo Totalmente,Concordo Totalmente,Concordo Totalmente,Concordo,Indiferente,Discordo,Discordo,Concordo,Discordo,Concordo Totalmente,Discordo,Concordo Totalmente,Concordo Totalmente,Concordo Totalmente,"Ao tentar vincular a mesma localidade duas vezes ao mesmo agente, o erro impresso na tela não deixa claro o problema:

Erro ao salvar a vinculação: could not execute statement; SQL [n/a]; constraint [uk_l1o5tyhk5o1ju8en8qq68gv09]; nested exception is org.hibernate.exception.ConstraintViolationException: could not execute statement ",,,
24/10/2024 10:37:55,Sim,Masculino,21,Ciência da Computação,4,Discordo,Concordo,Concordo Totalmente,Concordo,Concordo Totalmente,Concordo,Concordo,Discordo Totalmente,Discordo Totalmente,Concordo,Concordo,Discordo Totalmente,Indiferente,Discordo,Indiferente,Indiferente,Indiferente,Indiferente,Concordo,Concordo,Concordo Totalmente,Discordo Totalmente,Discordo Totalmente,Discordo Totalmente,Discordo Totalmente,Indiferente,Discordo Totalmente,"Foi encontrado mensagem de erro sendo mostrada ao usuário (meu usuário já tinha localidade vinculada, e quando tentei alterar ela ao repetir o processo de vinculação, recebi a mensagem de erro)

Não é claro como cadastrar bairros. Nas primeiras tentativas, o mapa não carregou nada. Ainda não sei como consegui cadastrar bairro, o mapa em algum momento carregou em Maringá, mas não sei o real motivo de ter dado certo.","O maior problema é o cadastro de bairro, o resto parece estar bem ok, o cadastro é o esperado. 

Entrar na tela de listagem de agentes e quais localidades eles estão vinculados não é intuitivo.",,
24/10/2024 10:38:43,Sim,Feminino,21,Ciência da Computação,4,Concordo,Concordo,Concordo,Concordo,Concordo,Indiferente,Discordo,Concordo,Concordo Totalmente,Concordo Totalmente,Concordo Totalmente,Discordo,Concordo,Indiferente,Concordo,Concordo Totalmente,Indiferente,Indiferente,Concordo,Discordo,Indiferente,Discordo,Concordo Totalmente,Indiferente,Concordo Totalmente,Concordo Totalmente,Indiferente,"Não sei se é um problema, mas me gerou estranhamento. Quando um imóvel comercial vai ser cadastrado, tem um campo para colocar quantas pessoas residem nele.",,,
24/10/2024 10:39:56,Sim,Masculino,22,Ciência da Computação,4,Concordo,Concordo,Concordo,Discordo,Concordo,Indiferente,Indiferente,Concordo,Discordo,Concordo,Concordo,Discordo,Discordo,Discordo,Concordo,Concordo,Concordo,Indiferente,Concordo,Discordo,Concordo,Discordo,Discordo,Discordo,Concordo,Concordo,Concordo,,,,
24/10/2024 10:40:20,Sim,Masculino,24,Engenharia de Produção,5,Concordo,Concordo,Concordo,Concordo,Concordo,Concordo,Concordo,Discordo,Discordo,Concordo,Concordo,Indiferente,Concordo,Discordo,Discordo,Indiferente,Concordo,Indiferente,Indiferente,Concordo,Indiferente,Concordo,Concordo,Indiferente,Discordo,Indiferente,Concordo,"Eu não consegui entender o objetivo e o passo a passo do que era para fazer, tive muita dificuldade, eu entendi apenas o contexto, mas não o contexto que está na folha, apenas o contexto de para o que o sistema serve, mas o que de fato eu deveria fazer e o como fazer, eu não entendi.","Sei que é só um protótipo, mas a parte visual precisa melhorar para a versão final dele, explicar o que é, pode ser por meio de um o fluxo na tela inicial do sistema, o qual vai ajudar a entender o que o sistema faz e o passo a passo que deve ser seguido em cada etapa do fluxo.",,
24/10/2024 10:40:37,Sim,Masculino,23,Informática,5,Concordo,Concordo,Concordo,Concordo,Concordo,Concordo,Concordo,Concordo,Discordo Totalmente,Concordo,Concordo,Concordo,Indiferente,Discordo,Concordo,Concordo,Concordo,Indiferente,Concordo,Indiferente,Concordo,Concordo,Concordo,Concordo,Concordo,Concordo,Discordo,"- É contra intuitivo vincular coordenador a uma localidade, depois de vincular o sistema vai para uma tela de listagem diferente da inicial, o que pode confundir (visualizar-listas/localidades-vinculadas/lista)
- Descrição de rota é obrigatório mas não está marcada como obrigatória
 - As ações de voltar não preservam a página/pesquisa original do usuário
- Ao cadastrar rota
- Não ficou claro o significado de número do quarteirão 
- Não existe diferença visual entre formulário de cadastro e edição
- Mensagem de erro some depois de um tempo (cadastro de bairro com nome inválido por ex)","- Pesquisa na seleção de localidade na hora de fazer o vínculo com usuário
- Pesquisa na seleção de agente para rota
",,
24/10/2024 10:40:39,Sim,Masculino,24,Ciência da Computação,4,Discordo,Discordo,Indiferente,Discordo,Discordo,Discordo Totalmente,Indiferente,Discordo Totalmente,Discordo,Indiferente,Concordo,Discordo Totalmente,Indiferente,Discordo,Discordo Totalmente,Indiferente,Discordo Totalmente,Discordo Totalmente,Discordo Totalmente,Discordo,Discordo Totalmente,Indiferente,Indiferente,Concordo Totalmente,Discordo,Discordo Totalmente,Discordo,"O mapa de seleção de quarteirão, permite com que os usuários selecionem qualquer parte do mundo. ",,,
24/10/2024 10:41:39,Sim,Masculino,20,Ciência da Computação,4,Concordo Totalmente,Concordo,Concordo Totalmente,Discordo,Concordo Totalmente,Discordo,Discordo,Concordo Totalmente,Concordo Totalmente,Concordo,Concordo,Concordo,Discordo,Discordo,Discordo,Concordo,Concordo,Indiferente,Concordo,Discordo,Concordo Totalmente,Concordo,Concordo Totalmente,Concordo Totalmente,Indiferente,Concordo Totalmente,Indiferente,"A sessão de cadastrar imóveis me pareceu confusa, em relação ao lado do quarteirão",Cadastro de imóveis mais intuitivo,,
24/10/2024 10:41:58,Sim,Masculino,21,Ciência da Computação,4,Concordo,Indiferente,Concordo Totalmente,Indiferente,Concordo,Concordo,Concordo,Concordo,Concordo,Concordo,Concordo,Concordo,Concordo,Indiferente,Discordo,Discordo,Indiferente,Indiferente,Concordo,Concordo,Concordo,Discordo Totalmente,Concordo,Discordo Totalmente,Indiferente,Indiferente,Indiferente,O mapa pra registro de quarteirão não funcionou. Tive que fazer uma gambiarra para funcionar,"Vincular usuário ao Registro da Localidade, e não ter que ir em outro canto só pra fazer isso",,
24/10/2024 10:43:29,Sim,Feminino,22,Ciência da Computação,5,Concordo Totalmente,Concordo,Concordo Totalmente,Concordo Totalmente,Concordo Totalmente,Concordo Totalmente,Concordo Totalmente,Concordo,Discordo,Concordo Totalmente,Concordo Totalmente,Discordo,Discordo,Concordo,Concordo,Concordo Totalmente,Concordo,Concordo,Concordo Totalmente,Concordo Totalmente,Concordo Totalmente,Discordo,Concordo,Discordo,Concordo,Discordo,Discordo,"Na sessao de ""quarterões"" estava difĩcil de encontrar a localidade que digitei no ""lougradouro"", ia pra uma rua aleatória de outra cidade. Além disso, na parte ""número"" não fica explícito se é o número da residencia, pois está escrito ""número do quarterão"". 
Na sessao de vincular localidade à agentes, não fica explícito a lista que já foi vinculada. Então pode ser que eu vincule a mesma localidade e ele vai me retornar um erro não esperado.
Em alguns momentos as listas não estavam atualizando automaticamente, aí não conseguia visualizar se meus dados foram realmente salvos
Outro ponto também é que não consegui acessar a página digitando na barra de pesquisa. Ex: bairro/lista ele ficava tela em branco. Mas se eu acesso por dentro do sistema, nos botões mesmo dá certo.","Revisar os erros de retorno ao usuário
Revisar botões de voltar, pois as vezes não volta pra tela anterior. Ex: lista > cadastro. Se clico em voltar, não retorna pra lista e continua no cadastro
Mas no geral gostei bastante, parabéns :)",,
24/10/2024 10:45:53,Sim,Masculino,21,Ciência da Computação,4,Concordo,Concordo,Concordo,Concordo Totalmente,Concordo Totalmente,Concordo Totalmente,Concordo Totalmente,Concordo,Concordo,Concordo Totalmente,Concordo Totalmente,Concordo Totalmente,Concordo Totalmente,Concordo Totalmente,Concordo Totalmente,Concordo Totalmente,Concordo,Indiferente,Indiferente,Concordo,Indiferente,Concordo,Concordo,Indiferente,Concordo,Indiferente,Indiferente,,,,
24/10/2024 10:49:38,Sim,Masculino,20,Ciência da Computação,4,Concordo,Concordo Totalmente,Concordo,Concordo,Concordo Totalmente,Concordo,Concordo,Indiferente,Indiferente,Concordo Totalmente,Concordo,Discordo,Indiferente,Discordo,Indiferente,Indiferente,Concordo,Indiferente,Concordo Totalmente,Concordo Totalmente,Concordo,Discordo,Indiferente,Concordo,Concordo,Concordo,Discordo Totalmente,"- Dificuldade em encontrar a funcionalidade de vincular agentes a localidades

- Após a vinculação de um agente a uma localidade, entra em um ""modo"" de vincular localidade e usuário, um pouco confuso

- Após cadastrar uma rota o sistema retornou para a tela de cadastro de rota mas, houve algum bug e não conseguia mais escolher o tipo de ficha da rota, apenas desapareceu as opções que foram restauradas atualizando a página.

- Falta de ordenação alfabética em vários lugares onde era necessário procurar manualmente

- A logo com a escrita ""PAINEL DE DENGUE - PARANÁ"" ocupa o lugar usualmente utilizado para redirecionar o usuário para uma tela inicial padrão (home), mas a mesma não possui funcionalidade alguma atualmente ocasionando em alguns cliques desnecessários.

- Quando uma seção entra no modo de cadastro, todas as outras ""seções"" também entram em modo de cadastro e as únicas formas de retornar ao modo de visualização é saindo da parte de cadastros e retornando, ou clicando no botão de listar que muda de acordo com cada seção. Não há um botão de retorno padrão em todas as seções.","- Adicionar uma seção ou deixar mais fácil o acesso a seção de vincular usuário e localidade

- Após uma vinculação manter o usuário e não a localidade (depende da realidade do sistema a qual desconheço)

- Aplicar a ordenação alfabética principalmente onde não há ferramenta de pesquisa

- Adicionar um redirecionamento padrão para logo

- Adicionar um botão de retorno para o modo de visualização além/ao invés do botão de listar",,
24/10/2024 10:51:01,Sim,Masculino,21,Ciência da Computação,4,Concordo Totalmente,Concordo Totalmente,Concordo,Concordo Totalmente,Concordo Totalmente,Concordo Totalmente,Concordo,Concordo Totalmente,Concordo Totalmente,Concordo,Concordo Totalmente,Indiferente,Concordo Totalmente,Discordo,Concordo,Concordo Totalmente,Indiferente,Indiferente,Concordo Totalmente,Concordo,Concordo Totalmente,Concordo,Concordo Totalmente,Concordo Totalmente,Concordo Totalmente,Indiferente,Discordo,"Fiquei confuso na hora de alternar entre os modos de listagem e adição de um cadastro, provavelmente porque os botões ficam em lugares diferentes.","Uma fonte ligeiramente maior talvez ajudaria a visibilidade. Seria mais intuitivo se os botões ""Listar"" e ""Novo"", usados para alterar o modo de uso deveriam, ficassem no mesmo lugar.",,
24/10/2024 10:53:02,Sim,Feminino,31,Engenharia de Produção,5,Indiferente,Indiferente,Concordo Totalmente,Concordo Totalmente,Concordo,Concordo Totalmente,Concordo,Concordo,Concordo,Concordo Totalmente,Discordo,Indiferente,Discordo,Concordo Totalmente,Indiferente,Concordo,Indiferente,Discordo Totalmente,Concordo,Concordo Totalmente,Concordo,Indiferente,Discordo Totalmente,Concordo,Concordo,Concordo,Discordo Totalmente,"Ao escrever o nome do logradouro com a localidade que cadastrei, apareceu uma rua que não estava na minha localidade, era de outra cidade em SP.","Acho que em Usuário seria melhor colocar agente, para ficar mais claro. ",,
24/10/2024 10:56:13,Sim,Masculino,21,Ciência da Computação,4,Concordo,Discordo,Concordo,Concordo,Concordo,Concordo,Concordo,Concordo,Concordo,Concordo,Concordo,Concordo,Indiferente,Discordo,Indiferente,Concordo,Concordo,Indiferente,Discordo,Concordo,Concordo,Discordo,Concordo Totalmente,Indiferente,Concordo,Concordo,Indiferente,,,,
24/10/2024 10:56:35,Sim,Feminino,21,Ciência da Computação,4,Indiferente,Discordo,Concordo,Concordo,Concordo,Indiferente,Indiferente,Concordo,Discordo,Concordo,Concordo,Discordo Totalmente,Concordo,Discordo,Discordo,Indiferente,Concordo,Discordo,Concordo,Concordo,Concordo,Discordo Totalmente,Concordo,Discordo Totalmente,Indiferente,Discordo,Indiferente,"Em algumas telas não exibe mensagem de sucesso ao salvar, aparece mensagem de exception/erro não tratado, mensagens de erro que deveriam aparecer não aparecem, diz que formato de nome do bairro tá errado como ""ZONA 07"" ,  não informa o usuário o pq não funcionou a solicitação. A busca dos endereços é confusa, no quarteirão a busca de logradouro não serviu de nada, inclusive só apareceu outros países.","Tratar corretamente a entrada dos formulários e as mensagens de sucesso/erro, um exemplo é normalizar a entrada do texto pra quando inserir ""vila esperança"" e ""vila esperanca"" referenciar o mesmo registro no banco. Melhorar a busca dos endereços. ",,
24/10/2024 11:35:49,Sim,Masculino,21,Ciência da Computação,5,Concordo Totalmente,Concordo Totalmente,Concordo Totalmente,Discordo,Concordo Totalmente,Concordo Totalmente,Concordo Totalmente,Concordo Totalmente,Concordo Totalmente,Concordo Totalmente,Concordo Totalmente,Concordo Totalmente,Concordo Totalmente,Concordo Totalmente,Concordo Totalmente,Concordo Totalmente,Concordo Totalmente,Concordo Totalmente,Concordo Totalmente,Concordo Totalmente,Concordo Totalmente,Concordo Totalmente,Concordo Totalmente,Concordo Totalmente,Concordo Totalmente,Concordo Totalmente,Concordo Totalmente,,,,
25/10/2024 10:09:55,Sim,Masculino,20,Ciência da Computação,3,Concordo Totalmente,Concordo Totalmente,Concordo Totalmente,Concordo,Concordo,Concordo Totalmente,Concordo Totalmente,Concordo Totalmente,Concordo Totalmente,Concordo Totalmente,Concordo Totalmente,Concordo Totalmente,Concordo Totalmente,Concordo Totalmente,Concordo Totalmente,Concordo Totalmente,Concordo,Concordo,Concordo Totalmente,Concordo Totalmente,Concordo,Concordo Totalmente,Concordo Totalmente,Concordo,Concordo Totalmente,Concordo Totalmente,Concordo Totalmente,,,,
25/10/2024 10:34:36,Sim,Masculino,22,Ciência da Computação,2,Concordo,Concordo,Concordo,Indiferente,Concordo,Indiferente,Indiferente,Indiferente,Indiferente,Concordo,Concordo,Discordo,Discordo,Indiferente,Concordo,Concordo,Indiferente,Indiferente,Concordo Totalmente,Concordo,Concordo,Discordo,Concordo,Indiferente,Concordo,Concordo,Indiferente,"Achei muito confuso no início, principalmente em relação a saber se eu estava fazendo certo ou não, se eu estava cadastrando corretamente, pois em alguns campos cadastrei errado mas ele permitiu.","Um passo a passo mais ""intuitivo"", talvez com o uso de imagens",,
25/10/2024 10:39:23,Sim,Masculino,20,Ciência da Computação,2,Concordo Totalmente,Concordo Totalmente,Concordo Totalmente,Concordo Totalmente,Concordo Totalmente,Concordo Totalmente,Concordo Totalmente,Concordo Totalmente,Concordo Totalmente,Concordo Totalmente,Concordo Totalmente,Concordo Totalmente,Concordo Totalmente,Discordo,Concordo Totalmente,Concordo Totalmente,Concordo Totalmente,Discordo,Concordo Totalmente,Concordo,Concordo Totalmente,Discordo,Concordo,Discordo,Discordo,Discordo,Concordo,,,,
25/10/2024 10:43:36,Sim,Masculino,20,Ciência da Computação,2,Concordo,Concordo,Concordo,Concordo Totalmente,Concordo Totalmente,Concordo,Concordo,Concordo,Concordo,Concordo,Concordo,Concordo,Concordo Totalmente,Concordo Totalmente,Concordo,Concordo,Concordo,Indiferente,Concordo,Concordo Totalmente,Concordo,Concordo Totalmente,Concordo,Concordo,Concordo Totalmente,Concordo Totalmente,Indiferente,"quando cadastra uma rota e o sistema manda o usuário de novo para a tela de cadastrar rotas, o usuário tem que dar um f5 para conseguir preencher o ultimo campo porque ele fica desabilitado de preencher",,,
25/10/2024 10:44:43,Sim,Masculino,19,Ciência da Computação,2,Concordo,Indiferente,Concordo,Concordo,Concordo,Concordo,Concordo,Concordo,Concordo,Concordo Totalmente,Concordo,Concordo Totalmente,Concordo,Discordo Totalmente,Discordo,Indiferente,Indiferente,Indiferente,Concordo,Concordo Totalmente,Concordo,Concordo Totalmente,Indiferente,Concordo Totalmente,Concordo Totalmente,Concordo Totalmente,Discordo Totalmente,"Alguns bugs inconvenientes e a falta do asterisco de obrigatoriedade durante o cadastro de uma nova rota, que faz o usuário voltar pro início.","Durante o cadastro de agentes, encontrar onde isso é feito ficou confuso, já que o termo usuário no singular me leva à pensar que a página contém informações quanto ao meu usuário, não todos. A maior dificuldade que senti foi quanto aos nomes de ruas, bairros e a terminologia em geral mas não fazendo parte do público alvo talvez isso não seja um problema (a maior dificuldade foi não saber que estrato abrange a localidade que queria registrar)
Outro fator que me causou confusão foi encontrar o menu de cadastro desejado na ""barra"" somente com as palavras e sem alguns ícones ou alguma outra forma de seleção que tornasse isso mais intuitivo.",,
25/10/2024 10:46:31,Sim,Masculino,19,Ciência da Computação,2,Discordo,Indiferente,Concordo,Concordo,Discordo,Concordo,Concordo,Discordo,Discordo,Concordo,Concordo,Concordo,Concordo,Concordo,Discordo,Discordo,Concordo,Concordo,Concordo,Concordo Totalmente,Concordo,Concordo,Indiferente,Discordo,Discordo Totalmente,Concordo,Discordo,,"Os tipos de cadastros (bairro, usuário, etc...) poderiam ter visuais diferentes para melhor identificá-los.",,
25/10/2024 10:47:26,Sim,Masculino,19,Ciência da Computação,2,Concordo,Concordo,Discordo,Indiferente,Concordo,Discordo,Discordo Totalmente,Concordo,Concordo Totalmente,Concordo,Concordo,Concordo,Discordo,Concordo,Discordo Totalmente,Indiferente,Concordo,Discordo Totalmente,Discordo,Concordo,Concordo,Concordo,Concordo,Discordo Totalmente,Concordo Totalmente,Concordo Totalmente,Indiferente,"No cadastro de rotas, tentei atualizar a minha que eu ja tinha feito mas na lista minhas mudanças parecem que não salvam (tentei mudar de rota N/A para rota 201).",O site deve ser um pouco mais intuitivo.,,
25/10/2024 10:47:37,Sim,Masculino,19,Ciência da Computação,2,Indiferente,Concordo,Concordo,Indiferente,Concordo,Concordo Totalmente,Concordo Totalmente,Concordo,Concordo,Concordo,Concordo,Discordo,Concordo,Concordo,Indiferente,Concordo,Indiferente,Indiferente,Concordo,Concordo,Concordo Totalmente,Concordo,Concordo,Concordo Totalmente,Concordo Totalmente,Concordo Totalmente,Discordo,"Não foi possível editar e remover uma rota de tratamento que eu criei. Na criação de rotas, a descrição não está marcada como obrigatória. Além disso, durante o cadastro de imóveis, foi necessário vincular novamente o meu usuário a uma localidade.","A necessidade de vincular o usuário (coordenador) a uma localidade parece confusa e possui alguns bugs, como relatado anteriormente. A possibilidade de qualquer usuário conseguir alterar qualquer localidade, mesmo que outros coordenadores tenham as criado, não parece segura.",,
25/10/2024 10:48:01,Sim,Masculino,19,Ciência da Computação,2,Concordo Totalmente,Concordo,Concordo Totalmente,Concordo,Concordo Totalmente,Indiferente,Concordo,Concordo,Concordo,Indiferente,Concordo,Discordo,Concordo Totalmente,Discordo Totalmente,Indiferente,Indiferente,Concordo,Indiferente,Concordo Totalmente,Concordo,Concordo Totalmente,Discordo,Discordo,Discordo,Indiferente,Discordo Totalmente,Discordo Totalmente,"No cadastro de imóveis, foi necessário que eu anotasse em um lugar externo o nome dos logradouros cadastrados. Acredito que seja um problema a necessidade de decorar o nome desses dados, porque era fácil esquecer seu nome quando eu saía do mapa.
Além disso, não existe um padrão para o nome dos logradouros, então parece ser possível cadastrar dados iguais de formas diferentes, como: ""Rua Pinheiro"" e ""R. Pinheiro"".","A inclusão de uma lista de sugestões de possíveis respostas ao cadastrar um logradouro. Dessa forma o usuário saberia se o nome colocado é ou não uma opção válida.

Talvez permitir o cadastro de imóveis no próprio mapa seja uma boa adição.",,
25/10/2024 10:49:28,Sim,Feminino,19,Ciência da Computação,2,Concordo Totalmente,Concordo Totalmente,Concordo Totalmente,Concordo Totalmente,Concordo Totalmente,Indiferente,Discordo,Discordo,Discordo Totalmente,Concordo,Concordo Totalmente,Discordo,Discordo,Indiferente,Concordo,Concordo Totalmente,Discordo,Discordo Totalmente,Concordo Totalmente,Concordo Totalmente,Concordo Totalmente,Discordo Totalmente,Concordo Totalmente,Discordo Totalmente,Concordo Totalmente,Concordo,Discordo Totalmente,"Nem todos os campos obrigatórios para o cadastro não sinalizados como obrigatórios.

Mensagens de erro pouco claras.

Ausência de um botão ""sair/voltar"" nas telas de cadastro, o uso do botão ""Lista"" para isso não é muito intuitivo.

Ao clicar em ""novo"" em qualquer uma das telas, todas as demais passam a mostrar a tela de adicionar uma novo cadastro, seria melhor se elas permanecessem nas telas de listas, pois não necessariamente ao adicionar um novo usuário deseja-se adicionar uma nova rota (por exemplo).

Ao editar uma rota, não foi possível utilizar o mesmo ciclo, mesmo tentando duas vezes, o campo ""CICLO"" após a  edição seguiu aparecendo como ""N/A"".",,,
25/10/2024 10:49:49,Sim,Masculino,19,Ciência da Computação,2,Concordo,Concordo,Concordo,Concordo Totalmente,Concordo,Concordo,Concordo Totalmente,Indiferente,Discordo,Indiferente,Concordo,Indiferente,Concordo Totalmente,Indiferente,Discordo,Concordo,Discordo,Indiferente,Concordo,Concordo,Concordo,Concordo,Concordo,Indiferente,Concordo Totalmente,Concordo Totalmente,Discordo Totalmente,"Em alguns casos as informações apresentadas não são restritas ao que tange o usuário. Por exemplo exibição de todos os outros usuários, acesso no mapa à localidades distantes.","Nas tabelas os botões de ação poderiam ficar mais perto do objeto ao qual se referem, para facilitar saber a qual objeto o botão de ação se refere.",,
25/10/2024 10:51:18,Sim,Masculino,24,Ciência da Computação,3,Discordo Totalmente,Indiferente,Concordo Totalmente,Concordo Totalmente,Concordo Totalmente,Concordo Totalmente,Discordo Totalmente,Indiferente,Indiferente,Discordo,Concordo Totalmente,Indiferente,Discordo,Discordo,Discordo,Indiferente,Discordo Totalmente,Discordo,Concordo,Concordo,Concordo,Concordo,Concordo,Discordo,Discordo,Discordo,Discordo,"Eu diria que as etapas necessárias deve ser feita de forma continua, por exemplo, o sistema não deveria permitir o usuario de fazer coisas que ele ainda não pode fazer, acredito que ele deveria seguir certas ordens para depois conseguir utilizar todo o sistema. O usuario pode ir para rotas sem ao menos ter feito algum tipo de usuario para isso, qualquer tipo de cadastro. Algumas informações não são tao claras ainda. Houve um erro de codigo quando eu quis adicionar novamente, acredito que falta a questão de facilidade com o usuario o que ele pode fazer, como fazer.","Por exemplo de cadastro de imovel, podemos colocar literalmente qualquer coisa nesse quesito, acredito que por as opções adequadas somente para selecionar ela anteriormente, como em outros opções por exemplo, aparecendo pro usuario Casa, Apartamento etc..
Sem que ele precise digitar realmente o imovel que ele pertence. Em geral minha maior critica é em questão dos passos a ce seguir em relação ao aplicativo, me sentir meio perdido nos cadastros e aonde, e qual ordem seguir para fazer esses cadastros.",,
25/10/2024 10:51:37,Sim,Masculino,21,Ciência da Computação,3,Concordo Totalmente,Concordo Totalmente,Concordo,Concordo,Concordo Totalmente,Concordo Totalmente,Concordo,Concordo Totalmente,Concordo Totalmente,Concordo Totalmente,Concordo,Concordo Totalmente,Concordo Totalmente,Concordo Totalmente,Concordo,Concordo Totalmente,Concordo,Concordo Totalmente,Concordo Totalmente,Concordo Totalmente,Concordo Totalmente,Concordo Totalmente,Concordo Totalmente,Concordo Totalmente,Concordo Totalmente,Concordo,Indiferente,Tive certa dificuldade em perceber que o cadastro de agentes é realizado na mesma seção do cadastro de usuário.,Talvez se o cadastro de agentes fosse junto com os cadastros gerais se tornaria mais intuitivo,,
25/10/2024 10:51:45,Sim,Feminino,19,Ciência da Computação,2,Concordo Totalmente,Concordo Totalmente,Discordo,Concordo Totalmente,Discordo,Indiferente,Concordo,Discordo,Discordo Totalmente,Concordo,Concordo Totalmente,Discordo,Discordo,Discordo,Discordo Totalmente,Concordo Totalmente,Discordo Totalmente,Discordo Totalmente,Concordo Totalmente,Concordo Totalmente,Concordo Totalmente,Discordo Totalmente,Concordo Totalmente,Discordo Totalmente,Concordo Totalmente,Discordo,Discordo Totalmente,"para atualizar uma informação é preciso passar por todos os passos do cadastro da informação novamente; nao consegui selecionar o campo para ser atualizado diretamente, no caso para adicionar um novo agente em uma rota, foi necessário passar por todo o cadastro da rota, o que dificulta e atrasa o trabalho

o campo de 'descrição' na criacao de rotas não está identificado como obrigatório, mas se deixar ele vazio/sem preencher e prosseguir o cadastro, não é possível concluir, pois ao final aparece uma mensagem para 'adicionar uma descrição'

falta de botão de voltar/sair em praticamente todas as telas. por exemplo, ao clicar em quarteirao, aparece do lado esquerdo a lista de quarteiroes e do lado direito um mapa. em seguida, se clicar para adicionar um novo quarteirao, não é possível voltar a tela anterior com um botão, a única saída é clicar no icone 'quarteirao' da barra de selecao. isso ficou pouco prático

ao cadastrar uma rota, se vc cadastra somente um agente e quer adicionar mais depois, o ciclo que estava selecionado some e não é possível adicionar/alterar o ciclo; fica infinitamente como N/A

nao ficou muito claro que para cadastrar um agente é necessário clicar em 'usuarios', pensamos que seria em 'cadastro' mesmo; ficou ambíguo. nessa parte, também sugiro que haja uma diferenciação nas listas ou filtro de pesquisa entre os perfis de agente, coordenador e administrador. como a lista está em ordem alfabetica de nomes, fica meio bagunçado",,,
25/10/2024 10:53:52,Sim,Masculino,24,Ciência da Computação,2,Concordo Totalmente,Concordo Totalmente,Concordo,Concordo Totalmente,Concordo Totalmente,Concordo Totalmente,Concordo,Concordo Totalmente,Concordo Totalmente,Concordo Totalmente,Concordo Totalmente,Concordo,Concordo Totalmente,Indiferente,Concordo,Concordo Totalmente,Discordo,Discordo,Concordo,Concordo Totalmente,Concordo Totalmente,Concordo,Concordo Totalmente,Concordo Totalmente,Concordo Totalmente,Discordo,Concordo,fluidez para finalizar o passo a passo do processo como um todo,melhorar a intuição para o passo a passo de cada cadastro,,
25/10/2024 10:54:15,Sim,Masculino,20,Ciência da Computação,2,Concordo,Indiferente,Concordo Totalmente,Concordo,Concordo,Concordo,Discordo,Discordo,Concordo,Concordo,Concordo,Discordo Totalmente,Discordo Totalmente,Concordo,Concordo,Indiferente,Indiferente,Indiferente,Concordo,Concordo Totalmente,Concordo Totalmente,Concordo,Concordo,Concordo,Indiferente,Concordo Totalmente,Concordo,alguns erros na hora de selecionar os itens na hora de cadastrar,,,
25/10/2024 10:55:56,Sim,Masculino,20,Ciência da Computação,2,Concordo,Concordo,Concordo,Concordo,Concordo,Indiferente,Concordo,Concordo,Discordo,Concordo,Discordo,Discordo,Indiferente,Concordo,Indiferente,Discordo,Discordo,Discordo,Concordo,Concordo,Indiferente,Discordo,Concordo,Concordo,Discordo,Discordo,Discordo,"O processo de desfazer uma seleção do quarterão no mapa só desfaz os dois últimos pontos.
Algumas ações não tem mensagem de erro ou resposta visual de que a ação não foi concluída.  ",,,
25/10/2024 10:57:39,Sim,Masculino,20,Ciência da Computação,2,Concordo,Concordo,Discordo,Concordo,Concordo,Discordo Totalmente,Discordo Totalmente,Discordo,Discordo,Discordo,Concordo,Indiferente,Discordo,Concordo,Indiferente,Indiferente,Concordo,Indiferente,Concordo,Concordo,Discordo,Discordo,Concordo,Concordo Totalmente,Concordo,Indiferente,Discordo,"- O design do site quebra quando é dado ""ctrl +"" 
- Erros de Sql quando foi houve tentativa de adicionar mais de uma rota para um Agente.
",Melhorar Design do site.,,
25/10/2024 11:00:46,Sim,Feminino,19,Ciência da Computação,2,Concordo,Concordo,Discordo,Concordo,Discordo,Discordo,Discordo,Discordo,Discordo,Concordo,Concordo,Discordo,Discordo,Discordo,Indiferente,Indiferente,Discordo,Discordo Totalmente,Concordo,Discordo,Concordo,Indiferente,Indiferente,Discordo Totalmente,Concordo Totalmente,Concordo Totalmente,Discordo Totalmente,"Algumas vezes é muito difícil de enxergar os números (como no caso da pesquisa, o RA, por exemplo) por ser pequeno. Na hora de atribuir os agentes à localidade, o símbolo de + não faz muito sentido, se eu não tivesse perguntado para um colega, não saberia onde clicar. Para sair de uma seção, é preciso clicar em outra, não tem um botão de voltar. Alguns campos poderiam ser melhor explicados na hora de fazer os cadastros, por exemplo. Na hora de colocar o logradouro também seria interessantes alertar que é preciso escrever não só o endereço mas a cidade também, porque se não um mapa completamente diferente irá aparecer.","Tentar simplificar o fluxo, pois muitas vezes é preciso clicar em muitos botões e seções diferentes para fazer algo simples e às vezes isso também acaba dificultando para achar o local correto para fazer uma determinada ação.",,
25/10/2024 12:17:24,Sim,Feminino,20,Ciência da Computação,2,Concordo Totalmente,Concordo,Concordo,Concordo,Concordo,Concordo,Concordo,Concordo Totalmente,Concordo Totalmente,Concordo,Discordo,Concordo Totalmente,Discordo,Concordo Totalmente,Discordo Totalmente,Indiferente,Discordo Totalmente,Discordo Totalmente,Concordo,Discordo Totalmente,Indiferente,Discordo Totalmente,Concordo Totalmente,Indiferente,Discordo Totalmente,Discordo Totalmente,Discordo Totalmente,,,,
23/10/2024 4:29:27,Sim,Masculino,21,Ciência da Computação,3,Discordo Totalmente,Concordo,Concordo,Concordo,Discordo,Concordo,Discordo,Concordo,Concordo Totalmente,Discordo,Concordo,Concordo,Concordo Totalmente,Concordo Totalmente,Concordo,Concordo,Concordo Totalmente,Discordo,Concordo,Concordo Totalmente,Concordo Totalmente,Concordo Totalmente,Concordo Totalmente,Discordo,Discordo Totalmente,Discordo,Discordo,"foi difícil encontrar o botão que vincula o usuário com a localidade, além disso, não ficou claro se deveria ser criado um ciclo antes de vincular as rotas",mudar o botão que vincula o usuário a localidade,,
